"","word","participant","language","l1","step","u0s","b0"
"1",1,1,"german","english",5,-0.196076465897663,0
"2",2,1,"german","english",5,0.111542548627462,0
"3",3,1,"german","english",5,-0.130500100884919,0
"4",4,1,"german","english",5,-0.0880381961069661,0
"5",5,1,"german","english",5,-0.0248674110095012,0
"6",6,1,"german","english",5,-0.593406448863974,0
"7",7,1,"german","english",5,0.946710298500617,0
"8",8,1,"german","english",5,-0.212431867079587,0
"9",9,1,"german","english",5,0.101705824787252,0
"10",10,1,"german","english",5,1.26890672302715,0
"11",1,2,"german","english",5,-0.196076465897663,0
"12",2,2,"german","english",5,0.111542548627462,0
"13",3,2,"german","english",5,-0.130500100884919,0
"14",4,2,"german","english",5,-0.0880381961069661,0
"15",5,2,"german","english",5,-0.0248674110095012,0
"16",6,2,"german","english",5,-0.593406448863974,0
"17",7,2,"german","english",5,0.946710298500617,0
"18",8,2,"german","english",5,-0.212431867079587,0
"19",9,2,"german","english",5,0.101705824787252,0
"20",10,2,"german","english",5,1.26890672302715,0
"21",1,3,"german","english",5,-0.196076465897663,0
"22",2,3,"german","english",5,0.111542548627462,0
"23",3,3,"german","english",5,-0.130500100884919,0
"24",4,3,"german","english",5,-0.0880381961069661,0
"25",5,3,"german","english",5,-0.0248674110095012,0
"26",6,3,"german","english",5,-0.593406448863974,0
"27",7,3,"german","english",5,0.946710298500617,0
"28",8,3,"german","english",5,-0.212431867079587,0
"29",9,3,"german","english",5,0.101705824787252,0
"30",10,3,"german","english",5,1.26890672302715,0
"31",1,4,"german","english",5,-0.196076465897663,0
"32",2,4,"german","english",5,0.111542548627462,0
"33",3,4,"german","english",5,-0.130500100884919,0
"34",4,4,"german","english",5,-0.0880381961069661,0
"35",5,4,"german","english",5,-0.0248674110095012,0
"36",6,4,"german","english",5,-0.593406448863974,0
"37",7,4,"german","english",5,0.946710298500617,0
"38",8,4,"german","english",5,-0.212431867079587,0
"39",9,4,"german","english",5,0.101705824787252,0
"40",10,4,"german","english",5,1.26890672302715,0
"41",1,5,"german","english",5,-0.196076465897663,0
"42",2,5,"german","english",5,0.111542548627462,0
"43",3,5,"german","english",5,-0.130500100884919,0
"44",4,5,"german","english",5,-0.0880381961069661,0
"45",5,5,"german","english",5,-0.0248674110095012,0
"46",6,5,"german","english",5,-0.593406448863974,0
"47",7,5,"german","english",5,0.946710298500617,0
"48",8,5,"german","english",5,-0.212431867079587,0
"49",9,5,"german","english",5,0.101705824787252,0
"50",10,5,"german","english",5,1.26890672302715,0
"51",1,6,"german","english",5,-0.196076465897663,0
"52",2,6,"german","english",5,0.111542548627462,0
"53",3,6,"german","english",5,-0.130500100884919,0
"54",4,6,"german","english",5,-0.0880381961069661,0
"55",5,6,"german","english",5,-0.0248674110095012,0
"56",6,6,"german","english",5,-0.593406448863974,0
"57",7,6,"german","english",5,0.946710298500617,0
"58",8,6,"german","english",5,-0.212431867079587,0
"59",9,6,"german","english",5,0.101705824787252,0
"60",10,6,"german","english",5,1.26890672302715,0
"61",1,7,"german","english",5,-0.196076465897663,0
"62",2,7,"german","english",5,0.111542548627462,0
"63",3,7,"german","english",5,-0.130500100884919,0
"64",4,7,"german","english",5,-0.0880381961069661,0
"65",5,7,"german","english",5,-0.0248674110095012,0
"66",6,7,"german","english",5,-0.593406448863974,0
"67",7,7,"german","english",5,0.946710298500617,0
"68",8,7,"german","english",5,-0.212431867079587,0
"69",9,7,"german","english",5,0.101705824787252,0
"70",10,7,"german","english",5,1.26890672302715,0
"71",1,8,"german","english",5,-0.196076465897663,0
"72",2,8,"german","english",5,0.111542548627462,0
"73",3,8,"german","english",5,-0.130500100884919,0
"74",4,8,"german","english",5,-0.0880381961069661,0
"75",5,8,"german","english",5,-0.0248674110095012,0
"76",6,8,"german","english",5,-0.593406448863974,0
"77",7,8,"german","english",5,0.946710298500617,0
"78",8,8,"german","english",5,-0.212431867079587,0
"79",9,8,"german","english",5,0.101705824787252,0
"80",10,8,"german","english",5,1.26890672302715,0
"81",1,9,"german","english",5,-0.196076465897663,0
"82",2,9,"german","english",5,0.111542548627462,0
"83",3,9,"german","english",5,-0.130500100884919,0
"84",4,9,"german","english",5,-0.0880381961069661,0
"85",5,9,"german","english",5,-0.0248674110095012,0
"86",6,9,"german","english",5,-0.593406448863974,0
"87",7,9,"german","english",5,0.946710298500617,0
"88",8,9,"german","english",5,-0.212431867079587,0
"89",9,9,"german","english",5,0.101705824787252,0
"90",10,9,"german","english",5,1.26890672302715,0
"91",1,10,"german","english",5,-0.196076465897663,0
"92",2,10,"german","english",5,0.111542548627462,0
"93",3,10,"german","english",5,-0.130500100884919,0
"94",4,10,"german","english",5,-0.0880381961069661,0
"95",5,10,"german","english",5,-0.0248674110095012,0
"96",6,10,"german","english",5,-0.593406448863974,0
"97",7,10,"german","english",5,0.946710298500617,0
"98",8,10,"german","english",5,-0.212431867079587,0
"99",9,10,"german","english",5,0.101705824787252,0
"100",10,10,"german","english",5,1.26890672302715,0
"101",1,11,"german","english",5,-0.196076465897663,0
"102",2,11,"german","english",5,0.111542548627462,0
"103",3,11,"german","english",5,-0.130500100884919,0
"104",4,11,"german","english",5,-0.0880381961069661,0
"105",5,11,"german","english",5,-0.0248674110095012,0
"106",6,11,"german","english",5,-0.593406448863974,0
"107",7,11,"german","english",5,0.946710298500617,0
"108",8,11,"german","english",5,-0.212431867079587,0
"109",9,11,"german","english",5,0.101705824787252,0
"110",10,11,"german","english",5,1.26890672302715,0
"111",1,12,"german","english",5,-0.196076465897663,0
"112",2,12,"german","english",5,0.111542548627462,0
"113",3,12,"german","english",5,-0.130500100884919,0
"114",4,12,"german","english",5,-0.0880381961069661,0
"115",5,12,"german","english",5,-0.0248674110095012,0
"116",6,12,"german","english",5,-0.593406448863974,0
"117",7,12,"german","english",5,0.946710298500617,0
"118",8,12,"german","english",5,-0.212431867079587,0
"119",9,12,"german","english",5,0.101705824787252,0
"120",10,12,"german","english",5,1.26890672302715,0
"121",1,13,"german","english",5,-0.196076465897663,0
"122",2,13,"german","english",5,0.111542548627462,0
"123",3,13,"german","english",5,-0.130500100884919,0
"124",4,13,"german","english",5,-0.0880381961069661,0
"125",5,13,"german","english",5,-0.0248674110095012,0
"126",6,13,"german","english",5,-0.593406448863974,0
"127",7,13,"german","english",5,0.946710298500617,0
"128",8,13,"german","english",5,-0.212431867079587,0
"129",9,13,"german","english",5,0.101705824787252,0
"130",10,13,"german","english",5,1.26890672302715,0
"131",1,14,"german","english",5,-0.196076465897663,0
"132",2,14,"german","english",5,0.111542548627462,0
"133",3,14,"german","english",5,-0.130500100884919,0
"134",4,14,"german","english",5,-0.0880381961069661,0
"135",5,14,"german","english",5,-0.0248674110095012,0
"136",6,14,"german","english",5,-0.593406448863974,0
"137",7,14,"german","english",5,0.946710298500617,0
"138",8,14,"german","english",5,-0.212431867079587,0
"139",9,14,"german","english",5,0.101705824787252,0
"140",10,14,"german","english",5,1.26890672302715,0
"141",1,15,"german","english",5,-0.196076465897663,0
"142",2,15,"german","english",5,0.111542548627462,0
"143",3,15,"german","english",5,-0.130500100884919,0
"144",4,15,"german","english",5,-0.0880381961069661,0
"145",5,15,"german","english",5,-0.0248674110095012,0
"146",6,15,"german","english",5,-0.593406448863974,0
"147",7,15,"german","english",5,0.946710298500617,0
"148",8,15,"german","english",5,-0.212431867079587,0
"149",9,15,"german","english",5,0.101705824787252,0
"150",10,15,"german","english",5,1.26890672302715,0
"151",1,16,"german","english",5,-0.196076465897663,0
"152",2,16,"german","english",5,0.111542548627462,0
"153",3,16,"german","english",5,-0.130500100884919,0
"154",4,16,"german","english",5,-0.0880381961069661,0
"155",5,16,"german","english",5,-0.0248674110095012,0
"156",6,16,"german","english",5,-0.593406448863974,0
"157",7,16,"german","english",5,0.946710298500617,0
"158",8,16,"german","english",5,-0.212431867079587,0
"159",9,16,"german","english",5,0.101705824787252,0
"160",10,16,"german","english",5,1.26890672302715,0
"161",1,17,"german","english",5,-0.196076465897663,0
"162",2,17,"german","english",5,0.111542548627462,0
"163",3,17,"german","english",5,-0.130500100884919,0
"164",4,17,"german","english",5,-0.0880381961069661,0
"165",5,17,"german","english",5,-0.0248674110095012,0
"166",6,17,"german","english",5,-0.593406448863974,0
"167",7,17,"german","english",5,0.946710298500617,0
"168",8,17,"german","english",5,-0.212431867079587,0
"169",9,17,"german","english",5,0.101705824787252,0
"170",10,17,"german","english",5,1.26890672302715,0
"171",1,18,"german","english",5,-0.196076465897663,0
"172",2,18,"german","english",5,0.111542548627462,0
"173",3,18,"german","english",5,-0.130500100884919,0
"174",4,18,"german","english",5,-0.0880381961069661,0
"175",5,18,"german","english",5,-0.0248674110095012,0
"176",6,18,"german","english",5,-0.593406448863974,0
"177",7,18,"german","english",5,0.946710298500617,0
"178",8,18,"german","english",5,-0.212431867079587,0
"179",9,18,"german","english",5,0.101705824787252,0
"180",10,18,"german","english",5,1.26890672302715,0
"181",1,19,"german","english",5,-0.196076465897663,0
"182",2,19,"german","english",5,0.111542548627462,0
"183",3,19,"german","english",5,-0.130500100884919,0
"184",4,19,"german","english",5,-0.0880381961069661,0
"185",5,19,"german","english",5,-0.0248674110095012,0
"186",6,19,"german","english",5,-0.593406448863974,0
"187",7,19,"german","english",5,0.946710298500617,0
"188",8,19,"german","english",5,-0.212431867079587,0
"189",9,19,"german","english",5,0.101705824787252,0
"190",10,19,"german","english",5,1.26890672302715,0
"191",1,20,"german","english",5,-0.196076465897663,0
"192",2,20,"german","english",5,0.111542548627462,0
"193",3,20,"german","english",5,-0.130500100884919,0
"194",4,20,"german","english",5,-0.0880381961069661,0
"195",5,20,"german","english",5,-0.0248674110095012,0
"196",6,20,"german","english",5,-0.593406448863974,0
"197",7,20,"german","english",5,0.946710298500617,0
"198",8,20,"german","english",5,-0.212431867079587,0
"199",9,20,"german","english",5,0.101705824787252,0
"200",10,20,"german","english",5,1.26890672302715,0
"201",1,21,"german","english",5,-0.196076465897663,0
"202",2,21,"german","english",5,0.111542548627462,0
"203",3,21,"german","english",5,-0.130500100884919,0
"204",4,21,"german","english",5,-0.0880381961069661,0
"205",5,21,"german","english",5,-0.0248674110095012,0
"206",6,21,"german","english",5,-0.593406448863974,0
"207",7,21,"german","english",5,0.946710298500617,0
"208",8,21,"german","english",5,-0.212431867079587,0
"209",9,21,"german","english",5,0.101705824787252,0
"210",10,21,"german","english",5,1.26890672302715,0
"211",1,22,"german","english",5,-0.196076465897663,0
"212",2,22,"german","english",5,0.111542548627462,0
"213",3,22,"german","english",5,-0.130500100884919,0
"214",4,22,"german","english",5,-0.0880381961069661,0
"215",5,22,"german","english",5,-0.0248674110095012,0
"216",6,22,"german","english",5,-0.593406448863974,0
"217",7,22,"german","english",5,0.946710298500617,0
"218",8,22,"german","english",5,-0.212431867079587,0
"219",9,22,"german","english",5,0.101705824787252,0
"220",10,22,"german","english",5,1.26890672302715,0
"221",1,23,"german","english",5,-0.196076465897663,0
"222",2,23,"german","english",5,0.111542548627462,0
"223",3,23,"german","english",5,-0.130500100884919,0
"224",4,23,"german","english",5,-0.0880381961069661,0
"225",5,23,"german","english",5,-0.0248674110095012,0
"226",6,23,"german","english",5,-0.593406448863974,0
"227",7,23,"german","english",5,0.946710298500617,0
"228",8,23,"german","english",5,-0.212431867079587,0
"229",9,23,"german","english",5,0.101705824787252,0
"230",10,23,"german","english",5,1.26890672302715,0
"231",1,24,"german","english",5,-0.196076465897663,0
"232",2,24,"german","english",5,0.111542548627462,0
"233",3,24,"german","english",5,-0.130500100884919,0
"234",4,24,"german","english",5,-0.0880381961069661,0
"235",5,24,"german","english",5,-0.0248674110095012,0
"236",6,24,"german","english",5,-0.593406448863974,0
"237",7,24,"german","english",5,0.946710298500617,0
"238",8,24,"german","english",5,-0.212431867079587,0
"239",9,24,"german","english",5,0.101705824787252,0
"240",10,24,"german","english",5,1.26890672302715,0
"241",1,25,"german","english",5,-0.196076465897663,0
"242",2,25,"german","english",5,0.111542548627462,0
"243",3,25,"german","english",5,-0.130500100884919,0
"244",4,25,"german","english",5,-0.0880381961069661,0
"245",5,25,"german","english",5,-0.0248674110095012,0
"246",6,25,"german","english",5,-0.593406448863974,0
"247",7,25,"german","english",5,0.946710298500617,0
"248",8,25,"german","english",5,-0.212431867079587,0
"249",9,25,"german","english",5,0.101705824787252,0
"250",10,25,"german","english",5,1.26890672302715,0
"251",1,26,"german","english",5,-0.196076465897663,0
"252",2,26,"german","english",5,0.111542548627462,0
"253",3,26,"german","english",5,-0.130500100884919,0
"254",4,26,"german","english",5,-0.0880381961069661,0
"255",5,26,"german","english",5,-0.0248674110095012,0
"256",6,26,"german","english",5,-0.593406448863974,0
"257",7,26,"german","english",5,0.946710298500617,0
"258",8,26,"german","english",5,-0.212431867079587,0
"259",9,26,"german","english",5,0.101705824787252,0
"260",10,26,"german","english",5,1.26890672302715,0
"261",1,27,"german","english",5,-0.196076465897663,0
"262",2,27,"german","english",5,0.111542548627462,0
"263",3,27,"german","english",5,-0.130500100884919,0
"264",4,27,"german","english",5,-0.0880381961069661,0
"265",5,27,"german","english",5,-0.0248674110095012,0
"266",6,27,"german","english",5,-0.593406448863974,0
"267",7,27,"german","english",5,0.946710298500617,0
"268",8,27,"german","english",5,-0.212431867079587,0
"269",9,27,"german","english",5,0.101705824787252,0
"270",10,27,"german","english",5,1.26890672302715,0
"271",1,28,"german","english",5,-0.196076465897663,0
"272",2,28,"german","english",5,0.111542548627462,0
"273",3,28,"german","english",5,-0.130500100884919,0
"274",4,28,"german","english",5,-0.0880381961069661,0
"275",5,28,"german","english",5,-0.0248674110095012,0
"276",6,28,"german","english",5,-0.593406448863974,0
"277",7,28,"german","english",5,0.946710298500617,0
"278",8,28,"german","english",5,-0.212431867079587,0
"279",9,28,"german","english",5,0.101705824787252,0
"280",10,28,"german","english",5,1.26890672302715,0
"281",1,29,"german","english",5,-0.196076465897663,0
"282",2,29,"german","english",5,0.111542548627462,0
"283",3,29,"german","english",5,-0.130500100884919,0
"284",4,29,"german","english",5,-0.0880381961069661,0
"285",5,29,"german","english",5,-0.0248674110095012,0
"286",6,29,"german","english",5,-0.593406448863974,0
"287",7,29,"german","english",5,0.946710298500617,0
"288",8,29,"german","english",5,-0.212431867079587,0
"289",9,29,"german","english",5,0.101705824787252,0
"290",10,29,"german","english",5,1.26890672302715,0
"291",1,30,"german","english",5,-0.196076465897663,0
"292",2,30,"german","english",5,0.111542548627462,0
"293",3,30,"german","english",5,-0.130500100884919,0
"294",4,30,"german","english",5,-0.0880381961069661,0
"295",5,30,"german","english",5,-0.0248674110095012,0
"296",6,30,"german","english",5,-0.593406448863974,0
"297",7,30,"german","english",5,0.946710298500617,0
"298",8,30,"german","english",5,-0.212431867079587,0
"299",9,30,"german","english",5,0.101705824787252,0
"300",10,30,"german","english",5,1.26890672302715,0
"301",1,31,"german","english",5,-0.196076465897663,0
"302",2,31,"german","english",5,0.111542548627462,0
"303",3,31,"german","english",5,-0.130500100884919,0
"304",4,31,"german","english",5,-0.0880381961069661,0
"305",5,31,"german","english",5,-0.0248674110095012,0
"306",6,31,"german","english",5,-0.593406448863974,0
"307",7,31,"german","english",5,0.946710298500617,0
"308",8,31,"german","english",5,-0.212431867079587,0
"309",9,31,"german","english",5,0.101705824787252,0
"310",10,31,"german","english",5,1.26890672302715,0
"311",1,32,"german","english",5,-0.196076465897663,0
"312",2,32,"german","english",5,0.111542548627462,0
"313",3,32,"german","english",5,-0.130500100884919,0
"314",4,32,"german","english",5,-0.0880381961069661,0
"315",5,32,"german","english",5,-0.0248674110095012,0
"316",6,32,"german","english",5,-0.593406448863974,0
"317",7,32,"german","english",5,0.946710298500617,0
"318",8,32,"german","english",5,-0.212431867079587,0
"319",9,32,"german","english",5,0.101705824787252,0
"320",10,32,"german","english",5,1.26890672302715,0
"321",1,33,"german","english",5,-0.196076465897663,0
"322",2,33,"german","english",5,0.111542548627462,0
"323",3,33,"german","english",5,-0.130500100884919,0
"324",4,33,"german","english",5,-0.0880381961069661,0
"325",5,33,"german","english",5,-0.0248674110095012,0
"326",6,33,"german","english",5,-0.593406448863974,0
"327",7,33,"german","english",5,0.946710298500617,0
"328",8,33,"german","english",5,-0.212431867079587,0
"329",9,33,"german","english",5,0.101705824787252,0
"330",10,33,"german","english",5,1.26890672302715,0
"331",1,34,"german","english",5,-0.196076465897663,0
"332",2,34,"german","english",5,0.111542548627462,0
"333",3,34,"german","english",5,-0.130500100884919,0
"334",4,34,"german","english",5,-0.0880381961069661,0
"335",5,34,"german","english",5,-0.0248674110095012,0
"336",6,34,"german","english",5,-0.593406448863974,0
"337",7,34,"german","english",5,0.946710298500617,0
"338",8,34,"german","english",5,-0.212431867079587,0
"339",9,34,"german","english",5,0.101705824787252,0
"340",10,34,"german","english",5,1.26890672302715,0
"341",1,35,"german","english",5,-0.196076465897663,0
"342",2,35,"german","english",5,0.111542548627462,0
"343",3,35,"german","english",5,-0.130500100884919,0
"344",4,35,"german","english",5,-0.0880381961069661,0
"345",5,35,"german","english",5,-0.0248674110095012,0
"346",6,35,"german","english",5,-0.593406448863974,0
"347",7,35,"german","english",5,0.946710298500617,0
"348",8,35,"german","english",5,-0.212431867079587,0
"349",9,35,"german","english",5,0.101705824787252,0
"350",10,35,"german","english",5,1.26890672302715,0
"351",1,36,"german","english",5,-0.196076465897663,0
"352",2,36,"german","english",5,0.111542548627462,0
"353",3,36,"german","english",5,-0.130500100884919,0
"354",4,36,"german","english",5,-0.0880381961069661,0
"355",5,36,"german","english",5,-0.0248674110095012,0
"356",6,36,"german","english",5,-0.593406448863974,0
"357",7,36,"german","english",5,0.946710298500617,0
"358",8,36,"german","english",5,-0.212431867079587,0
"359",9,36,"german","english",5,0.101705824787252,0
"360",10,36,"german","english",5,1.26890672302715,0
"361",1,37,"german","english",5,-0.196076465897663,0
"362",2,37,"german","english",5,0.111542548627462,0
"363",3,37,"german","english",5,-0.130500100884919,0
"364",4,37,"german","english",5,-0.0880381961069661,0
"365",5,37,"german","english",5,-0.0248674110095012,0
"366",6,37,"german","english",5,-0.593406448863974,0
"367",7,37,"german","english",5,0.946710298500617,0
"368",8,37,"german","english",5,-0.212431867079587,0
"369",9,37,"german","english",5,0.101705824787252,0
"370",10,37,"german","english",5,1.26890672302715,0
"371",1,38,"german","english",5,-0.196076465897663,0
"372",2,38,"german","english",5,0.111542548627462,0
"373",3,38,"german","english",5,-0.130500100884919,0
"374",4,38,"german","english",5,-0.0880381961069661,0
"375",5,38,"german","english",5,-0.0248674110095012,0
"376",6,38,"german","english",5,-0.593406448863974,0
"377",7,38,"german","english",5,0.946710298500617,0
"378",8,38,"german","english",5,-0.212431867079587,0
"379",9,38,"german","english",5,0.101705824787252,0
"380",10,38,"german","english",5,1.26890672302715,0
"381",1,39,"german","english",5,-0.196076465897663,0
"382",2,39,"german","english",5,0.111542548627462,0
"383",3,39,"german","english",5,-0.130500100884919,0
"384",4,39,"german","english",5,-0.0880381961069661,0
"385",5,39,"german","english",5,-0.0248674110095012,0
"386",6,39,"german","english",5,-0.593406448863974,0
"387",7,39,"german","english",5,0.946710298500617,0
"388",8,39,"german","english",5,-0.212431867079587,0
"389",9,39,"german","english",5,0.101705824787252,0
"390",10,39,"german","english",5,1.26890672302715,0
"391",1,40,"german","english",5,-0.196076465897663,0
"392",2,40,"german","english",5,0.111542548627462,0
"393",3,40,"german","english",5,-0.130500100884919,0
"394",4,40,"german","english",5,-0.0880381961069661,0
"395",5,40,"german","english",5,-0.0248674110095012,0
"396",6,40,"german","english",5,-0.593406448863974,0
"397",7,40,"german","english",5,0.946710298500617,0
"398",8,40,"german","english",5,-0.212431867079587,0
"399",9,40,"german","english",5,0.101705824787252,0
"400",10,40,"german","english",5,1.26890672302715,0
"401",1,41,"german","english",5,-0.196076465897663,0
"402",2,41,"german","english",5,0.111542548627462,0
"403",3,41,"german","english",5,-0.130500100884919,0
"404",4,41,"german","english",5,-0.0880381961069661,0
"405",5,41,"german","english",5,-0.0248674110095012,0
"406",6,41,"german","english",5,-0.593406448863974,0
"407",7,41,"german","english",5,0.946710298500617,0
"408",8,41,"german","english",5,-0.212431867079587,0
"409",9,41,"german","english",5,0.101705824787252,0
"410",10,41,"german","english",5,1.26890672302715,0
"411",1,42,"german","english",5,-0.196076465897663,0
"412",2,42,"german","english",5,0.111542548627462,0
"413",3,42,"german","english",5,-0.130500100884919,0
"414",4,42,"german","english",5,-0.0880381961069661,0
"415",5,42,"german","english",5,-0.0248674110095012,0
"416",6,42,"german","english",5,-0.593406448863974,0
"417",7,42,"german","english",5,0.946710298500617,0
"418",8,42,"german","english",5,-0.212431867079587,0
"419",9,42,"german","english",5,0.101705824787252,0
"420",10,42,"german","english",5,1.26890672302715,0
"421",1,43,"german","english",5,-0.196076465897663,0
"422",2,43,"german","english",5,0.111542548627462,0
"423",3,43,"german","english",5,-0.130500100884919,0
"424",4,43,"german","english",5,-0.0880381961069661,0
"425",5,43,"german","english",5,-0.0248674110095012,0
"426",6,43,"german","english",5,-0.593406448863974,0
"427",7,43,"german","english",5,0.946710298500617,0
"428",8,43,"german","english",5,-0.212431867079587,0
"429",9,43,"german","english",5,0.101705824787252,0
"430",10,43,"german","english",5,1.26890672302715,0
"431",1,44,"german","english",5,-0.196076465897663,0
"432",2,44,"german","english",5,0.111542548627462,0
"433",3,44,"german","english",5,-0.130500100884919,0
"434",4,44,"german","english",5,-0.0880381961069661,0
"435",5,44,"german","english",5,-0.0248674110095012,0
"436",6,44,"german","english",5,-0.593406448863974,0
"437",7,44,"german","english",5,0.946710298500617,0
"438",8,44,"german","english",5,-0.212431867079587,0
"439",9,44,"german","english",5,0.101705824787252,0
"440",10,44,"german","english",5,1.26890672302715,0
"441",1,45,"german","english",5,-0.196076465897663,0
"442",2,45,"german","english",5,0.111542548627462,0
"443",3,45,"german","english",5,-0.130500100884919,0
"444",4,45,"german","english",5,-0.0880381961069661,0
"445",5,45,"german","english",5,-0.0248674110095012,0
"446",6,45,"german","english",5,-0.593406448863974,0
"447",7,45,"german","english",5,0.946710298500617,0
"448",8,45,"german","english",5,-0.212431867079587,0
"449",9,45,"german","english",5,0.101705824787252,0
"450",10,45,"german","english",5,1.26890672302715,0
"451",1,46,"german","english",5,-0.196076465897663,0
"452",2,46,"german","english",5,0.111542548627462,0
"453",3,46,"german","english",5,-0.130500100884919,0
"454",4,46,"german","english",5,-0.0880381961069661,0
"455",5,46,"german","english",5,-0.0248674110095012,0
"456",6,46,"german","english",5,-0.593406448863974,0
"457",7,46,"german","english",5,0.946710298500617,0
"458",8,46,"german","english",5,-0.212431867079587,0
"459",9,46,"german","english",5,0.101705824787252,0
"460",10,46,"german","english",5,1.26890672302715,0
"461",1,47,"german","english",5,-0.196076465897663,0
"462",2,47,"german","english",5,0.111542548627462,0
"463",3,47,"german","english",5,-0.130500100884919,0
"464",4,47,"german","english",5,-0.0880381961069661,0
"465",5,47,"german","english",5,-0.0248674110095012,0
"466",6,47,"german","english",5,-0.593406448863974,0
"467",7,47,"german","english",5,0.946710298500617,0
"468",8,47,"german","english",5,-0.212431867079587,0
"469",9,47,"german","english",5,0.101705824787252,0
"470",10,47,"german","english",5,1.26890672302715,0
"471",1,48,"german","english",5,-0.196076465897663,0
"472",2,48,"german","english",5,0.111542548627462,0
"473",3,48,"german","english",5,-0.130500100884919,0
"474",4,48,"german","english",5,-0.0880381961069661,0
"475",5,48,"german","english",5,-0.0248674110095012,0
"476",6,48,"german","english",5,-0.593406448863974,0
"477",7,48,"german","english",5,0.946710298500617,0
"478",8,48,"german","english",5,-0.212431867079587,0
"479",9,48,"german","english",5,0.101705824787252,0
"480",10,48,"german","english",5,1.26890672302715,0
"481",1,49,"german","english",5,-0.196076465897663,0
"482",2,49,"german","english",5,0.111542548627462,0
"483",3,49,"german","english",5,-0.130500100884919,0
"484",4,49,"german","english",5,-0.0880381961069661,0
"485",5,49,"german","english",5,-0.0248674110095012,0
"486",6,49,"german","english",5,-0.593406448863974,0
"487",7,49,"german","english",5,0.946710298500617,0
"488",8,49,"german","english",5,-0.212431867079587,0
"489",9,49,"german","english",5,0.101705824787252,0
"490",10,49,"german","english",5,1.26890672302715,0
"491",1,50,"german","english",5,-0.196076465897663,0
"492",2,50,"german","english",5,0.111542548627462,0
"493",3,50,"german","english",5,-0.130500100884919,0
"494",4,50,"german","english",5,-0.0880381961069661,0
"495",5,50,"german","english",5,-0.0248674110095012,0
"496",6,50,"german","english",5,-0.593406448863974,0
"497",7,50,"german","english",5,0.946710298500617,0
"498",8,50,"german","english",5,-0.212431867079587,0
"499",9,50,"german","english",5,0.101705824787252,0
"500",10,50,"german","english",5,1.26890672302715,0
"501",1,51,"german","english",5,-0.196076465897663,0
"502",2,51,"german","english",5,0.111542548627462,0
"503",3,51,"german","english",5,-0.130500100884919,0
"504",4,51,"german","english",5,-0.0880381961069661,0
"505",5,51,"german","english",5,-0.0248674110095012,0
"506",6,51,"german","english",5,-0.593406448863974,0
"507",7,51,"german","english",5,0.946710298500617,0
"508",8,51,"german","english",5,-0.212431867079587,0
"509",9,51,"german","english",5,0.101705824787252,0
"510",10,51,"german","english",5,1.26890672302715,0
"511",1,52,"german","english",5,-0.196076465897663,0
"512",2,52,"german","english",5,0.111542548627462,0
"513",3,52,"german","english",5,-0.130500100884919,0
"514",4,52,"german","english",5,-0.0880381961069661,0
"515",5,52,"german","english",5,-0.0248674110095012,0
"516",6,52,"german","english",5,-0.593406448863974,0
"517",7,52,"german","english",5,0.946710298500617,0
"518",8,52,"german","english",5,-0.212431867079587,0
"519",9,52,"german","english",5,0.101705824787252,0
"520",10,52,"german","english",5,1.26890672302715,0
"521",1,53,"german","english",5,-0.196076465897663,0
"522",2,53,"german","english",5,0.111542548627462,0
"523",3,53,"german","english",5,-0.130500100884919,0
"524",4,53,"german","english",5,-0.0880381961069661,0
"525",5,53,"german","english",5,-0.0248674110095012,0
"526",6,53,"german","english",5,-0.593406448863974,0
"527",7,53,"german","english",5,0.946710298500617,0
"528",8,53,"german","english",5,-0.212431867079587,0
"529",9,53,"german","english",5,0.101705824787252,0
"530",10,53,"german","english",5,1.26890672302715,0
"531",1,54,"german","english",5,-0.196076465897663,0
"532",2,54,"german","english",5,0.111542548627462,0
"533",3,54,"german","english",5,-0.130500100884919,0
"534",4,54,"german","english",5,-0.0880381961069661,0
"535",5,54,"german","english",5,-0.0248674110095012,0
"536",6,54,"german","english",5,-0.593406448863974,0
"537",7,54,"german","english",5,0.946710298500617,0
"538",8,54,"german","english",5,-0.212431867079587,0
"539",9,54,"german","english",5,0.101705824787252,0
"540",10,54,"german","english",5,1.26890672302715,0
"541",1,55,"german","english",5,-0.196076465897663,0
"542",2,55,"german","english",5,0.111542548627462,0
"543",3,55,"german","english",5,-0.130500100884919,0
"544",4,55,"german","english",5,-0.0880381961069661,0
"545",5,55,"german","english",5,-0.0248674110095012,0
"546",6,55,"german","english",5,-0.593406448863974,0
"547",7,55,"german","english",5,0.946710298500617,0
"548",8,55,"german","english",5,-0.212431867079587,0
"549",9,55,"german","english",5,0.101705824787252,0
"550",10,55,"german","english",5,1.26890672302715,0
"551",1,56,"german","english",5,-0.196076465897663,0
"552",2,56,"german","english",5,0.111542548627462,0
"553",3,56,"german","english",5,-0.130500100884919,0
"554",4,56,"german","english",5,-0.0880381961069661,0
"555",5,56,"german","english",5,-0.0248674110095012,0
"556",6,56,"german","english",5,-0.593406448863974,0
"557",7,56,"german","english",5,0.946710298500617,0
"558",8,56,"german","english",5,-0.212431867079587,0
"559",9,56,"german","english",5,0.101705824787252,0
"560",10,56,"german","english",5,1.26890672302715,0
"561",1,57,"german","english",5,-0.196076465897663,0
"562",2,57,"german","english",5,0.111542548627462,0
"563",3,57,"german","english",5,-0.130500100884919,0
"564",4,57,"german","english",5,-0.0880381961069661,0
"565",5,57,"german","english",5,-0.0248674110095012,0
"566",6,57,"german","english",5,-0.593406448863974,0
"567",7,57,"german","english",5,0.946710298500617,0
"568",8,57,"german","english",5,-0.212431867079587,0
"569",9,57,"german","english",5,0.101705824787252,0
"570",10,57,"german","english",5,1.26890672302715,0
"571",1,58,"german","english",5,-0.196076465897663,0
"572",2,58,"german","english",5,0.111542548627462,0
"573",3,58,"german","english",5,-0.130500100884919,0
"574",4,58,"german","english",5,-0.0880381961069661,0
"575",5,58,"german","english",5,-0.0248674110095012,0
"576",6,58,"german","english",5,-0.593406448863974,0
"577",7,58,"german","english",5,0.946710298500617,0
"578",8,58,"german","english",5,-0.212431867079587,0
"579",9,58,"german","english",5,0.101705824787252,0
"580",10,58,"german","english",5,1.26890672302715,0
"581",1,59,"german","english",5,-0.196076465897663,0
"582",2,59,"german","english",5,0.111542548627462,0
"583",3,59,"german","english",5,-0.130500100884919,0
"584",4,59,"german","english",5,-0.0880381961069661,0
"585",5,59,"german","english",5,-0.0248674110095012,0
"586",6,59,"german","english",5,-0.593406448863974,0
"587",7,59,"german","english",5,0.946710298500617,0
"588",8,59,"german","english",5,-0.212431867079587,0
"589",9,59,"german","english",5,0.101705824787252,0
"590",10,59,"german","english",5,1.26890672302715,0
"591",1,60,"german","english",5,-0.196076465897663,0
"592",2,60,"german","english",5,0.111542548627462,0
"593",3,60,"german","english",5,-0.130500100884919,0
"594",4,60,"german","english",5,-0.0880381961069661,0
"595",5,60,"german","english",5,-0.0248674110095012,0
"596",6,60,"german","english",5,-0.593406448863974,0
"597",7,60,"german","english",5,0.946710298500617,0
"598",8,60,"german","english",5,-0.212431867079587,0
"599",9,60,"german","english",5,0.101705824787252,0
"600",10,60,"german","english",5,1.26890672302715,0
"601",1,61,"german","english",5,-0.196076465897663,0
"602",2,61,"german","english",5,0.111542548627462,0
"603",3,61,"german","english",5,-0.130500100884919,0
"604",4,61,"german","english",5,-0.0880381961069661,0
"605",5,61,"german","english",5,-0.0248674110095012,0
"606",6,61,"german","english",5,-0.593406448863974,0
"607",7,61,"german","english",5,0.946710298500617,0
"608",8,61,"german","english",5,-0.212431867079587,0
"609",9,61,"german","english",5,0.101705824787252,0
"610",10,61,"german","english",5,1.26890672302715,0
"611",1,62,"german","english",5,-0.196076465897663,0
"612",2,62,"german","english",5,0.111542548627462,0
"613",3,62,"german","english",5,-0.130500100884919,0
"614",4,62,"german","english",5,-0.0880381961069661,0
"615",5,62,"german","english",5,-0.0248674110095012,0
"616",6,62,"german","english",5,-0.593406448863974,0
"617",7,62,"german","english",5,0.946710298500617,0
"618",8,62,"german","english",5,-0.212431867079587,0
"619",9,62,"german","english",5,0.101705824787252,0
"620",10,62,"german","english",5,1.26890672302715,0
"621",1,63,"german","english",5,-0.196076465897663,0
"622",2,63,"german","english",5,0.111542548627462,0
"623",3,63,"german","english",5,-0.130500100884919,0
"624",4,63,"german","english",5,-0.0880381961069661,0
"625",5,63,"german","english",5,-0.0248674110095012,0
"626",6,63,"german","english",5,-0.593406448863974,0
"627",7,63,"german","english",5,0.946710298500617,0
"628",8,63,"german","english",5,-0.212431867079587,0
"629",9,63,"german","english",5,0.101705824787252,0
"630",10,63,"german","english",5,1.26890672302715,0
"631",1,64,"german","english",5,-0.196076465897663,0
"632",2,64,"german","english",5,0.111542548627462,0
"633",3,64,"german","english",5,-0.130500100884919,0
"634",4,64,"german","english",5,-0.0880381961069661,0
"635",5,64,"german","english",5,-0.0248674110095012,0
"636",6,64,"german","english",5,-0.593406448863974,0
"637",7,64,"german","english",5,0.946710298500617,0
"638",8,64,"german","english",5,-0.212431867079587,0
"639",9,64,"german","english",5,0.101705824787252,0
"640",10,64,"german","english",5,1.26890672302715,0
"641",1,65,"german","english",5,-0.196076465897663,0
"642",2,65,"german","english",5,0.111542548627462,0
"643",3,65,"german","english",5,-0.130500100884919,0
"644",4,65,"german","english",5,-0.0880381961069661,0
"645",5,65,"german","english",5,-0.0248674110095012,0
"646",6,65,"german","english",5,-0.593406448863974,0
"647",7,65,"german","english",5,0.946710298500617,0
"648",8,65,"german","english",5,-0.212431867079587,0
"649",9,65,"german","english",5,0.101705824787252,0
"650",10,65,"german","english",5,1.26890672302715,0
"651",1,66,"german","english",5,-0.196076465897663,0
"652",2,66,"german","english",5,0.111542548627462,0
"653",3,66,"german","english",5,-0.130500100884919,0
"654",4,66,"german","english",5,-0.0880381961069661,0
"655",5,66,"german","english",5,-0.0248674110095012,0
"656",6,66,"german","english",5,-0.593406448863974,0
"657",7,66,"german","english",5,0.946710298500617,0
"658",8,66,"german","english",5,-0.212431867079587,0
"659",9,66,"german","english",5,0.101705824787252,0
"660",10,66,"german","english",5,1.26890672302715,0
"661",1,67,"german","english",5,-0.196076465897663,0
"662",2,67,"german","english",5,0.111542548627462,0
"663",3,67,"german","english",5,-0.130500100884919,0
"664",4,67,"german","english",5,-0.0880381961069661,0
"665",5,67,"german","english",5,-0.0248674110095012,0
"666",6,67,"german","english",5,-0.593406448863974,0
"667",7,67,"german","english",5,0.946710298500617,0
"668",8,67,"german","english",5,-0.212431867079587,0
"669",9,67,"german","english",5,0.101705824787252,0
"670",10,67,"german","english",5,1.26890672302715,0
"671",1,68,"german","english",5,-0.196076465897663,0
"672",2,68,"german","english",5,0.111542548627462,0
"673",3,68,"german","english",5,-0.130500100884919,0
"674",4,68,"german","english",5,-0.0880381961069661,0
"675",5,68,"german","english",5,-0.0248674110095012,0
"676",6,68,"german","english",5,-0.593406448863974,0
"677",7,68,"german","english",5,0.946710298500617,0
"678",8,68,"german","english",5,-0.212431867079587,0
"679",9,68,"german","english",5,0.101705824787252,0
"680",10,68,"german","english",5,1.26890672302715,0
"681",1,69,"german","english",5,-0.196076465897663,0
"682",2,69,"german","english",5,0.111542548627462,0
"683",3,69,"german","english",5,-0.130500100884919,0
"684",4,69,"german","english",5,-0.0880381961069661,0
"685",5,69,"german","english",5,-0.0248674110095012,0
"686",6,69,"german","english",5,-0.593406448863974,0
"687",7,69,"german","english",5,0.946710298500617,0
"688",8,69,"german","english",5,-0.212431867079587,0
"689",9,69,"german","english",5,0.101705824787252,0
"690",10,69,"german","english",5,1.26890672302715,0
"691",1,70,"german","english",5,-0.196076465897663,0
"692",2,70,"german","english",5,0.111542548627462,0
"693",3,70,"german","english",5,-0.130500100884919,0
"694",4,70,"german","english",5,-0.0880381961069661,0
"695",5,70,"german","english",5,-0.0248674110095012,0
"696",6,70,"german","english",5,-0.593406448863974,0
"697",7,70,"german","english",5,0.946710298500617,0
"698",8,70,"german","english",5,-0.212431867079587,0
"699",9,70,"german","english",5,0.101705824787252,0
"700",10,70,"german","english",5,1.26890672302715,0
"701",1,71,"german","english",5,-0.196076465897663,0
"702",2,71,"german","english",5,0.111542548627462,0
"703",3,71,"german","english",5,-0.130500100884919,0
"704",4,71,"german","english",5,-0.0880381961069661,0
"705",5,71,"german","english",5,-0.0248674110095012,0
"706",6,71,"german","english",5,-0.593406448863974,0
"707",7,71,"german","english",5,0.946710298500617,0
"708",8,71,"german","english",5,-0.212431867079587,0
"709",9,71,"german","english",5,0.101705824787252,0
"710",10,71,"german","english",5,1.26890672302715,0
"711",1,72,"german","english",5,-0.196076465897663,0
"712",2,72,"german","english",5,0.111542548627462,0
"713",3,72,"german","english",5,-0.130500100884919,0
"714",4,72,"german","english",5,-0.0880381961069661,0
"715",5,72,"german","english",5,-0.0248674110095012,0
"716",6,72,"german","english",5,-0.593406448863974,0
"717",7,72,"german","english",5,0.946710298500617,0
"718",8,72,"german","english",5,-0.212431867079587,0
"719",9,72,"german","english",5,0.101705824787252,0
"720",10,72,"german","english",5,1.26890672302715,0
"721",1,73,"german","english",5,-0.196076465897663,0
"722",2,73,"german","english",5,0.111542548627462,0
"723",3,73,"german","english",5,-0.130500100884919,0
"724",4,73,"german","english",5,-0.0880381961069661,0
"725",5,73,"german","english",5,-0.0248674110095012,0
"726",6,73,"german","english",5,-0.593406448863974,0
"727",7,73,"german","english",5,0.946710298500617,0
"728",8,73,"german","english",5,-0.212431867079587,0
"729",9,73,"german","english",5,0.101705824787252,0
"730",10,73,"german","english",5,1.26890672302715,0
"731",1,74,"german","english",5,-0.196076465897663,0
"732",2,74,"german","english",5,0.111542548627462,0
"733",3,74,"german","english",5,-0.130500100884919,0
"734",4,74,"german","english",5,-0.0880381961069661,0
"735",5,74,"german","english",5,-0.0248674110095012,0
"736",6,74,"german","english",5,-0.593406448863974,0
"737",7,74,"german","english",5,0.946710298500617,0
"738",8,74,"german","english",5,-0.212431867079587,0
"739",9,74,"german","english",5,0.101705824787252,0
"740",10,74,"german","english",5,1.26890672302715,0
"741",1,75,"german","english",5,-0.196076465897663,0
"742",2,75,"german","english",5,0.111542548627462,0
"743",3,75,"german","english",5,-0.130500100884919,0
"744",4,75,"german","english",5,-0.0880381961069661,0
"745",5,75,"german","english",5,-0.0248674110095012,0
"746",6,75,"german","english",5,-0.593406448863974,0
"747",7,75,"german","english",5,0.946710298500617,0
"748",8,75,"german","english",5,-0.212431867079587,0
"749",9,75,"german","english",5,0.101705824787252,0
"750",10,75,"german","english",5,1.26890672302715,0
"751",1,76,"german","english",5,-0.196076465897663,0
"752",2,76,"german","english",5,0.111542548627462,0
"753",3,76,"german","english",5,-0.130500100884919,0
"754",4,76,"german","english",5,-0.0880381961069661,0
"755",5,76,"german","english",5,-0.0248674110095012,0
"756",6,76,"german","english",5,-0.593406448863974,0
"757",7,76,"german","english",5,0.946710298500617,0
"758",8,76,"german","english",5,-0.212431867079587,0
"759",9,76,"german","english",5,0.101705824787252,0
"760",10,76,"german","english",5,1.26890672302715,0
"761",1,77,"german","english",5,-0.196076465897663,0
"762",2,77,"german","english",5,0.111542548627462,0
"763",3,77,"german","english",5,-0.130500100884919,0
"764",4,77,"german","english",5,-0.0880381961069661,0
"765",5,77,"german","english",5,-0.0248674110095012,0
"766",6,77,"german","english",5,-0.593406448863974,0
"767",7,77,"german","english",5,0.946710298500617,0
"768",8,77,"german","english",5,-0.212431867079587,0
"769",9,77,"german","english",5,0.101705824787252,0
"770",10,77,"german","english",5,1.26890672302715,0
"771",1,78,"german","english",5,-0.196076465897663,0
"772",2,78,"german","english",5,0.111542548627462,0
"773",3,78,"german","english",5,-0.130500100884919,0
"774",4,78,"german","english",5,-0.0880381961069661,0
"775",5,78,"german","english",5,-0.0248674110095012,0
"776",6,78,"german","english",5,-0.593406448863974,0
"777",7,78,"german","english",5,0.946710298500617,0
"778",8,78,"german","english",5,-0.212431867079587,0
"779",9,78,"german","english",5,0.101705824787252,0
"780",10,78,"german","english",5,1.26890672302715,0
"781",1,79,"german","english",5,-0.196076465897663,0
"782",2,79,"german","english",5,0.111542548627462,0
"783",3,79,"german","english",5,-0.130500100884919,0
"784",4,79,"german","english",5,-0.0880381961069661,0
"785",5,79,"german","english",5,-0.0248674110095012,0
"786",6,79,"german","english",5,-0.593406448863974,0
"787",7,79,"german","english",5,0.946710298500617,0
"788",8,79,"german","english",5,-0.212431867079587,0
"789",9,79,"german","english",5,0.101705824787252,0
"790",10,79,"german","english",5,1.26890672302715,0
"791",1,80,"german","english",5,-0.196076465897663,0
"792",2,80,"german","english",5,0.111542548627462,0
"793",3,80,"german","english",5,-0.130500100884919,0
"794",4,80,"german","english",5,-0.0880381961069661,0
"795",5,80,"german","english",5,-0.0248674110095012,0
"796",6,80,"german","english",5,-0.593406448863974,0
"797",7,80,"german","english",5,0.946710298500617,0
"798",8,80,"german","english",5,-0.212431867079587,0
"799",9,80,"german","english",5,0.101705824787252,0
"800",10,80,"german","english",5,1.26890672302715,0
"801",1,81,"german","english",5,-0.196076465897663,0
"802",2,81,"german","english",5,0.111542548627462,0
"803",3,81,"german","english",5,-0.130500100884919,0
"804",4,81,"german","english",5,-0.0880381961069661,0
"805",5,81,"german","english",5,-0.0248674110095012,0
"806",6,81,"german","english",5,-0.593406448863974,0
"807",7,81,"german","english",5,0.946710298500617,0
"808",8,81,"german","english",5,-0.212431867079587,0
"809",9,81,"german","english",5,0.101705824787252,0
"810",10,81,"german","english",5,1.26890672302715,0
"811",1,82,"german","english",5,-0.196076465897663,0
"812",2,82,"german","english",5,0.111542548627462,0
"813",3,82,"german","english",5,-0.130500100884919,0
"814",4,82,"german","english",5,-0.0880381961069661,0
"815",5,82,"german","english",5,-0.0248674110095012,0
"816",6,82,"german","english",5,-0.593406448863974,0
"817",7,82,"german","english",5,0.946710298500617,0
"818",8,82,"german","english",5,-0.212431867079587,0
"819",9,82,"german","english",5,0.101705824787252,0
"820",10,82,"german","english",5,1.26890672302715,0
"821",1,83,"german","english",5,-0.196076465897663,0
"822",2,83,"german","english",5,0.111542548627462,0
"823",3,83,"german","english",5,-0.130500100884919,0
"824",4,83,"german","english",5,-0.0880381961069661,0
"825",5,83,"german","english",5,-0.0248674110095012,0
"826",6,83,"german","english",5,-0.593406448863974,0
"827",7,83,"german","english",5,0.946710298500617,0
"828",8,83,"german","english",5,-0.212431867079587,0
"829",9,83,"german","english",5,0.101705824787252,0
"830",10,83,"german","english",5,1.26890672302715,0
"831",1,84,"german","english",5,-0.196076465897663,0
"832",2,84,"german","english",5,0.111542548627462,0
"833",3,84,"german","english",5,-0.130500100884919,0
"834",4,84,"german","english",5,-0.0880381961069661,0
"835",5,84,"german","english",5,-0.0248674110095012,0
"836",6,84,"german","english",5,-0.593406448863974,0
"837",7,84,"german","english",5,0.946710298500617,0
"838",8,84,"german","english",5,-0.212431867079587,0
"839",9,84,"german","english",5,0.101705824787252,0
"840",10,84,"german","english",5,1.26890672302715,0
"841",1,85,"german","english",5,-0.196076465897663,0
"842",2,85,"german","english",5,0.111542548627462,0
"843",3,85,"german","english",5,-0.130500100884919,0
"844",4,85,"german","english",5,-0.0880381961069661,0
"845",5,85,"german","english",5,-0.0248674110095012,0
"846",6,85,"german","english",5,-0.593406448863974,0
"847",7,85,"german","english",5,0.946710298500617,0
"848",8,85,"german","english",5,-0.212431867079587,0
"849",9,85,"german","english",5,0.101705824787252,0
"850",10,85,"german","english",5,1.26890672302715,0
"851",1,86,"german","english",5,-0.196076465897663,0
"852",2,86,"german","english",5,0.111542548627462,0
"853",3,86,"german","english",5,-0.130500100884919,0
"854",4,86,"german","english",5,-0.0880381961069661,0
"855",5,86,"german","english",5,-0.0248674110095012,0
"856",6,86,"german","english",5,-0.593406448863974,0
"857",7,86,"german","english",5,0.946710298500617,0
"858",8,86,"german","english",5,-0.212431867079587,0
"859",9,86,"german","english",5,0.101705824787252,0
"860",10,86,"german","english",5,1.26890672302715,0
"861",1,87,"german","english",5,-0.196076465897663,0
"862",2,87,"german","english",5,0.111542548627462,0
"863",3,87,"german","english",5,-0.130500100884919,0
"864",4,87,"german","english",5,-0.0880381961069661,0
"865",5,87,"german","english",5,-0.0248674110095012,0
"866",6,87,"german","english",5,-0.593406448863974,0
"867",7,87,"german","english",5,0.946710298500617,0
"868",8,87,"german","english",5,-0.212431867079587,0
"869",9,87,"german","english",5,0.101705824787252,0
"870",10,87,"german","english",5,1.26890672302715,0
"871",1,88,"german","english",5,-0.196076465897663,0
"872",2,88,"german","english",5,0.111542548627462,0
"873",3,88,"german","english",5,-0.130500100884919,0
"874",4,88,"german","english",5,-0.0880381961069661,0
"875",5,88,"german","english",5,-0.0248674110095012,0
"876",6,88,"german","english",5,-0.593406448863974,0
"877",7,88,"german","english",5,0.946710298500617,0
"878",8,88,"german","english",5,-0.212431867079587,0
"879",9,88,"german","english",5,0.101705824787252,0
"880",10,88,"german","english",5,1.26890672302715,0
"881",1,89,"german","english",5,-0.196076465897663,0
"882",2,89,"german","english",5,0.111542548627462,0
"883",3,89,"german","english",5,-0.130500100884919,0
"884",4,89,"german","english",5,-0.0880381961069661,0
"885",5,89,"german","english",5,-0.0248674110095012,0
"886",6,89,"german","english",5,-0.593406448863974,0
"887",7,89,"german","english",5,0.946710298500617,0
"888",8,89,"german","english",5,-0.212431867079587,0
"889",9,89,"german","english",5,0.101705824787252,0
"890",10,89,"german","english",5,1.26890672302715,0
"891",1,90,"german","english",5,-0.196076465897663,0
"892",2,90,"german","english",5,0.111542548627462,0
"893",3,90,"german","english",5,-0.130500100884919,0
"894",4,90,"german","english",5,-0.0880381961069661,0
"895",5,90,"german","english",5,-0.0248674110095012,0
"896",6,90,"german","english",5,-0.593406448863974,0
"897",7,90,"german","english",5,0.946710298500617,0
"898",8,90,"german","english",5,-0.212431867079587,0
"899",9,90,"german","english",5,0.101705824787252,0
"900",10,90,"german","english",5,1.26890672302715,0
"901",1,91,"german","english",5,-0.196076465897663,0
"902",2,91,"german","english",5,0.111542548627462,0
"903",3,91,"german","english",5,-0.130500100884919,0
"904",4,91,"german","english",5,-0.0880381961069661,0
"905",5,91,"german","english",5,-0.0248674110095012,0
"906",6,91,"german","english",5,-0.593406448863974,0
"907",7,91,"german","english",5,0.946710298500617,0
"908",8,91,"german","english",5,-0.212431867079587,0
"909",9,91,"german","english",5,0.101705824787252,0
"910",10,91,"german","english",5,1.26890672302715,0
"911",1,92,"german","english",5,-0.196076465897663,0
"912",2,92,"german","english",5,0.111542548627462,0
"913",3,92,"german","english",5,-0.130500100884919,0
"914",4,92,"german","english",5,-0.0880381961069661,0
"915",5,92,"german","english",5,-0.0248674110095012,0
"916",6,92,"german","english",5,-0.593406448863974,0
"917",7,92,"german","english",5,0.946710298500617,0
"918",8,92,"german","english",5,-0.212431867079587,0
"919",9,92,"german","english",5,0.101705824787252,0
"920",10,92,"german","english",5,1.26890672302715,0
"921",1,93,"german","english",5,-0.196076465897663,0
"922",2,93,"german","english",5,0.111542548627462,0
"923",3,93,"german","english",5,-0.130500100884919,0
"924",4,93,"german","english",5,-0.0880381961069661,0
"925",5,93,"german","english",5,-0.0248674110095012,0
"926",6,93,"german","english",5,-0.593406448863974,0
"927",7,93,"german","english",5,0.946710298500617,0
"928",8,93,"german","english",5,-0.212431867079587,0
"929",9,93,"german","english",5,0.101705824787252,0
"930",10,93,"german","english",5,1.26890672302715,0
"931",1,94,"german","english",5,-0.196076465897663,0
"932",2,94,"german","english",5,0.111542548627462,0
"933",3,94,"german","english",5,-0.130500100884919,0
"934",4,94,"german","english",5,-0.0880381961069661,0
"935",5,94,"german","english",5,-0.0248674110095012,0
"936",6,94,"german","english",5,-0.593406448863974,0
"937",7,94,"german","english",5,0.946710298500617,0
"938",8,94,"german","english",5,-0.212431867079587,0
"939",9,94,"german","english",5,0.101705824787252,0
"940",10,94,"german","english",5,1.26890672302715,0
"941",1,95,"german","english",5,-0.196076465897663,0
"942",2,95,"german","english",5,0.111542548627462,0
"943",3,95,"german","english",5,-0.130500100884919,0
"944",4,95,"german","english",5,-0.0880381961069661,0
"945",5,95,"german","english",5,-0.0248674110095012,0
"946",6,95,"german","english",5,-0.593406448863974,0
"947",7,95,"german","english",5,0.946710298500617,0
"948",8,95,"german","english",5,-0.212431867079587,0
"949",9,95,"german","english",5,0.101705824787252,0
"950",10,95,"german","english",5,1.26890672302715,0
"951",1,96,"german","english",5,-0.196076465897663,0
"952",2,96,"german","english",5,0.111542548627462,0
"953",3,96,"german","english",5,-0.130500100884919,0
"954",4,96,"german","english",5,-0.0880381961069661,0
"955",5,96,"german","english",5,-0.0248674110095012,0
"956",6,96,"german","english",5,-0.593406448863974,0
"957",7,96,"german","english",5,0.946710298500617,0
"958",8,96,"german","english",5,-0.212431867079587,0
"959",9,96,"german","english",5,0.101705824787252,0
"960",10,96,"german","english",5,1.26890672302715,0
"961",1,97,"german","english",5,-0.196076465897663,0
"962",2,97,"german","english",5,0.111542548627462,0
"963",3,97,"german","english",5,-0.130500100884919,0
"964",4,97,"german","english",5,-0.0880381961069661,0
"965",5,97,"german","english",5,-0.0248674110095012,0
"966",6,97,"german","english",5,-0.593406448863974,0
"967",7,97,"german","english",5,0.946710298500617,0
"968",8,97,"german","english",5,-0.212431867079587,0
"969",9,97,"german","english",5,0.101705824787252,0
"970",10,97,"german","english",5,1.26890672302715,0
"971",1,98,"german","english",5,-0.196076465897663,0
"972",2,98,"german","english",5,0.111542548627462,0
"973",3,98,"german","english",5,-0.130500100884919,0
"974",4,98,"german","english",5,-0.0880381961069661,0
"975",5,98,"german","english",5,-0.0248674110095012,0
"976",6,98,"german","english",5,-0.593406448863974,0
"977",7,98,"german","english",5,0.946710298500617,0
"978",8,98,"german","english",5,-0.212431867079587,0
"979",9,98,"german","english",5,0.101705824787252,0
"980",10,98,"german","english",5,1.26890672302715,0
"981",1,99,"german","english",5,-0.196076465897663,0
"982",2,99,"german","english",5,0.111542548627462,0
"983",3,99,"german","english",5,-0.130500100884919,0
"984",4,99,"german","english",5,-0.0880381961069661,0
"985",5,99,"german","english",5,-0.0248674110095012,0
"986",6,99,"german","english",5,-0.593406448863974,0
"987",7,99,"german","english",5,0.946710298500617,0
"988",8,99,"german","english",5,-0.212431867079587,0
"989",9,99,"german","english",5,0.101705824787252,0
"990",10,99,"german","english",5,1.26890672302715,0
"991",1,100,"german","english",5,-0.196076465897663,0
"992",2,100,"german","english",5,0.111542548627462,0
"993",3,100,"german","english",5,-0.130500100884919,0
"994",4,100,"german","english",5,-0.0880381961069661,0
"995",5,100,"german","english",5,-0.0248674110095012,0
"996",6,100,"german","english",5,-0.593406448863974,0
"997",7,100,"german","english",5,0.946710298500617,0
"998",8,100,"german","english",5,-0.212431867079587,0
"999",9,100,"german","english",5,0.101705824787252,0
"1000",10,100,"german","english",5,1.26890672302715,0
"1001",1,101,"german","english",5,-0.196076465897663,0
"1002",2,101,"german","english",5,0.111542548627462,0
"1003",3,101,"german","english",5,-0.130500100884919,0
"1004",4,101,"german","english",5,-0.0880381961069661,0
"1005",5,101,"german","english",5,-0.0248674110095012,0
"1006",6,101,"german","english",5,-0.593406448863974,0
"1007",7,101,"german","english",5,0.946710298500617,0
"1008",8,101,"german","english",5,-0.212431867079587,0
"1009",9,101,"german","english",5,0.101705824787252,0
"1010",10,101,"german","english",5,1.26890672302715,0
"1011",1,102,"german","english",5,-0.196076465897663,0
"1012",2,102,"german","english",5,0.111542548627462,0
"1013",3,102,"german","english",5,-0.130500100884919,0
"1014",4,102,"german","english",5,-0.0880381961069661,0
"1015",5,102,"german","english",5,-0.0248674110095012,0
"1016",6,102,"german","english",5,-0.593406448863974,0
"1017",7,102,"german","english",5,0.946710298500617,0
"1018",8,102,"german","english",5,-0.212431867079587,0
"1019",9,102,"german","english",5,0.101705824787252,0
"1020",10,102,"german","english",5,1.26890672302715,0
"1021",1,103,"german","english",5,-0.196076465897663,0
"1022",2,103,"german","english",5,0.111542548627462,0
"1023",3,103,"german","english",5,-0.130500100884919,0
"1024",4,103,"german","english",5,-0.0880381961069661,0
"1025",5,103,"german","english",5,-0.0248674110095012,0
"1026",6,103,"german","english",5,-0.593406448863974,0
"1027",7,103,"german","english",5,0.946710298500617,0
"1028",8,103,"german","english",5,-0.212431867079587,0
"1029",9,103,"german","english",5,0.101705824787252,0
"1030",10,103,"german","english",5,1.26890672302715,0
"1031",1,104,"german","english",5,-0.196076465897663,0
"1032",2,104,"german","english",5,0.111542548627462,0
"1033",3,104,"german","english",5,-0.130500100884919,0
"1034",4,104,"german","english",5,-0.0880381961069661,0
"1035",5,104,"german","english",5,-0.0248674110095012,0
"1036",6,104,"german","english",5,-0.593406448863974,0
"1037",7,104,"german","english",5,0.946710298500617,0
"1038",8,104,"german","english",5,-0.212431867079587,0
"1039",9,104,"german","english",5,0.101705824787252,0
"1040",10,104,"german","english",5,1.26890672302715,0
"1041",1,105,"german","english",5,-0.196076465897663,0
"1042",2,105,"german","english",5,0.111542548627462,0
"1043",3,105,"german","english",5,-0.130500100884919,0
"1044",4,105,"german","english",5,-0.0880381961069661,0
"1045",5,105,"german","english",5,-0.0248674110095012,0
"1046",6,105,"german","english",5,-0.593406448863974,0
"1047",7,105,"german","english",5,0.946710298500617,0
"1048",8,105,"german","english",5,-0.212431867079587,0
"1049",9,105,"german","english",5,0.101705824787252,0
"1050",10,105,"german","english",5,1.26890672302715,0
"1051",1,106,"german","english",5,-0.196076465897663,0
"1052",2,106,"german","english",5,0.111542548627462,0
"1053",3,106,"german","english",5,-0.130500100884919,0
"1054",4,106,"german","english",5,-0.0880381961069661,0
"1055",5,106,"german","english",5,-0.0248674110095012,0
"1056",6,106,"german","english",5,-0.593406448863974,0
"1057",7,106,"german","english",5,0.946710298500617,0
"1058",8,106,"german","english",5,-0.212431867079587,0
"1059",9,106,"german","english",5,0.101705824787252,0
"1060",10,106,"german","english",5,1.26890672302715,0
"1061",1,107,"german","english",5,-0.196076465897663,0
"1062",2,107,"german","english",5,0.111542548627462,0
"1063",3,107,"german","english",5,-0.130500100884919,0
"1064",4,107,"german","english",5,-0.0880381961069661,0
"1065",5,107,"german","english",5,-0.0248674110095012,0
"1066",6,107,"german","english",5,-0.593406448863974,0
"1067",7,107,"german","english",5,0.946710298500617,0
"1068",8,107,"german","english",5,-0.212431867079587,0
"1069",9,107,"german","english",5,0.101705824787252,0
"1070",10,107,"german","english",5,1.26890672302715,0
"1071",1,108,"german","english",5,-0.196076465897663,0
"1072",2,108,"german","english",5,0.111542548627462,0
"1073",3,108,"german","english",5,-0.130500100884919,0
"1074",4,108,"german","english",5,-0.0880381961069661,0
"1075",5,108,"german","english",5,-0.0248674110095012,0
"1076",6,108,"german","english",5,-0.593406448863974,0
"1077",7,108,"german","english",5,0.946710298500617,0
"1078",8,108,"german","english",5,-0.212431867079587,0
"1079",9,108,"german","english",5,0.101705824787252,0
"1080",10,108,"german","english",5,1.26890672302715,0
"1081",1,109,"german","english",5,-0.196076465897663,0
"1082",2,109,"german","english",5,0.111542548627462,0
"1083",3,109,"german","english",5,-0.130500100884919,0
"1084",4,109,"german","english",5,-0.0880381961069661,0
"1085",5,109,"german","english",5,-0.0248674110095012,0
"1086",6,109,"german","english",5,-0.593406448863974,0
"1087",7,109,"german","english",5,0.946710298500617,0
"1088",8,109,"german","english",5,-0.212431867079587,0
"1089",9,109,"german","english",5,0.101705824787252,0
"1090",10,109,"german","english",5,1.26890672302715,0
"1091",1,110,"german","english",5,-0.196076465897663,0
"1092",2,110,"german","english",5,0.111542548627462,0
"1093",3,110,"german","english",5,-0.130500100884919,0
"1094",4,110,"german","english",5,-0.0880381961069661,0
"1095",5,110,"german","english",5,-0.0248674110095012,0
"1096",6,110,"german","english",5,-0.593406448863974,0
"1097",7,110,"german","english",5,0.946710298500617,0
"1098",8,110,"german","english",5,-0.212431867079587,0
"1099",9,110,"german","english",5,0.101705824787252,0
"1100",10,110,"german","english",5,1.26890672302715,0
"1101",1,111,"german","english",5,-0.196076465897663,0
"1102",2,111,"german","english",5,0.111542548627462,0
"1103",3,111,"german","english",5,-0.130500100884919,0
"1104",4,111,"german","english",5,-0.0880381961069661,0
"1105",5,111,"german","english",5,-0.0248674110095012,0
"1106",6,111,"german","english",5,-0.593406448863974,0
"1107",7,111,"german","english",5,0.946710298500617,0
"1108",8,111,"german","english",5,-0.212431867079587,0
"1109",9,111,"german","english",5,0.101705824787252,0
"1110",10,111,"german","english",5,1.26890672302715,0
"1111",1,112,"german","english",5,-0.196076465897663,0
"1112",2,112,"german","english",5,0.111542548627462,0
"1113",3,112,"german","english",5,-0.130500100884919,0
"1114",4,112,"german","english",5,-0.0880381961069661,0
"1115",5,112,"german","english",5,-0.0248674110095012,0
"1116",6,112,"german","english",5,-0.593406448863974,0
"1117",7,112,"german","english",5,0.946710298500617,0
"1118",8,112,"german","english",5,-0.212431867079587,0
"1119",9,112,"german","english",5,0.101705824787252,0
"1120",10,112,"german","english",5,1.26890672302715,0
"1121",1,113,"german","english",5,-0.196076465897663,0
"1122",2,113,"german","english",5,0.111542548627462,0
"1123",3,113,"german","english",5,-0.130500100884919,0
"1124",4,113,"german","english",5,-0.0880381961069661,0
"1125",5,113,"german","english",5,-0.0248674110095012,0
"1126",6,113,"german","english",5,-0.593406448863974,0
"1127",7,113,"german","english",5,0.946710298500617,0
"1128",8,113,"german","english",5,-0.212431867079587,0
"1129",9,113,"german","english",5,0.101705824787252,0
"1130",10,113,"german","english",5,1.26890672302715,0
"1131",1,114,"german","english",5,-0.196076465897663,0
"1132",2,114,"german","english",5,0.111542548627462,0
"1133",3,114,"german","english",5,-0.130500100884919,0
"1134",4,114,"german","english",5,-0.0880381961069661,0
"1135",5,114,"german","english",5,-0.0248674110095012,0
"1136",6,114,"german","english",5,-0.593406448863974,0
"1137",7,114,"german","english",5,0.946710298500617,0
"1138",8,114,"german","english",5,-0.212431867079587,0
"1139",9,114,"german","english",5,0.101705824787252,0
"1140",10,114,"german","english",5,1.26890672302715,0
"1141",1,115,"german","english",5,-0.196076465897663,0
"1142",2,115,"german","english",5,0.111542548627462,0
"1143",3,115,"german","english",5,-0.130500100884919,0
"1144",4,115,"german","english",5,-0.0880381961069661,0
"1145",5,115,"german","english",5,-0.0248674110095012,0
"1146",6,115,"german","english",5,-0.593406448863974,0
"1147",7,115,"german","english",5,0.946710298500617,0
"1148",8,115,"german","english",5,-0.212431867079587,0
"1149",9,115,"german","english",5,0.101705824787252,0
"1150",10,115,"german","english",5,1.26890672302715,0
"1151",1,116,"german","english",5,-0.196076465897663,0
"1152",2,116,"german","english",5,0.111542548627462,0
"1153",3,116,"german","english",5,-0.130500100884919,0
"1154",4,116,"german","english",5,-0.0880381961069661,0
"1155",5,116,"german","english",5,-0.0248674110095012,0
"1156",6,116,"german","english",5,-0.593406448863974,0
"1157",7,116,"german","english",5,0.946710298500617,0
"1158",8,116,"german","english",5,-0.212431867079587,0
"1159",9,116,"german","english",5,0.101705824787252,0
"1160",10,116,"german","english",5,1.26890672302715,0
"1161",1,117,"german","english",5,-0.196076465897663,0
"1162",2,117,"german","english",5,0.111542548627462,0
"1163",3,117,"german","english",5,-0.130500100884919,0
"1164",4,117,"german","english",5,-0.0880381961069661,0
"1165",5,117,"german","english",5,-0.0248674110095012,0
"1166",6,117,"german","english",5,-0.593406448863974,0
"1167",7,117,"german","english",5,0.946710298500617,0
"1168",8,117,"german","english",5,-0.212431867079587,0
"1169",9,117,"german","english",5,0.101705824787252,0
"1170",10,117,"german","english",5,1.26890672302715,0
"1171",1,118,"german","english",5,-0.196076465897663,0
"1172",2,118,"german","english",5,0.111542548627462,0
"1173",3,118,"german","english",5,-0.130500100884919,0
"1174",4,118,"german","english",5,-0.0880381961069661,0
"1175",5,118,"german","english",5,-0.0248674110095012,0
"1176",6,118,"german","english",5,-0.593406448863974,0
"1177",7,118,"german","english",5,0.946710298500617,0
"1178",8,118,"german","english",5,-0.212431867079587,0
"1179",9,118,"german","english",5,0.101705824787252,0
"1180",10,118,"german","english",5,1.26890672302715,0
"1181",1,119,"german","english",5,-0.196076465897663,0
"1182",2,119,"german","english",5,0.111542548627462,0
"1183",3,119,"german","english",5,-0.130500100884919,0
"1184",4,119,"german","english",5,-0.0880381961069661,0
"1185",5,119,"german","english",5,-0.0248674110095012,0
"1186",6,119,"german","english",5,-0.593406448863974,0
"1187",7,119,"german","english",5,0.946710298500617,0
"1188",8,119,"german","english",5,-0.212431867079587,0
"1189",9,119,"german","english",5,0.101705824787252,0
"1190",10,119,"german","english",5,1.26890672302715,0
"1191",1,120,"german","english",5,-0.196076465897663,0
"1192",2,120,"german","english",5,0.111542548627462,0
"1193",3,120,"german","english",5,-0.130500100884919,0
"1194",4,120,"german","english",5,-0.0880381961069661,0
"1195",5,120,"german","english",5,-0.0248674110095012,0
"1196",6,120,"german","english",5,-0.593406448863974,0
"1197",7,120,"german","english",5,0.946710298500617,0
"1198",8,120,"german","english",5,-0.212431867079587,0
"1199",9,120,"german","english",5,0.101705824787252,0
"1200",10,120,"german","english",5,1.26890672302715,0
"1201",1,121,"german","english",5,-0.196076465897663,0
"1202",2,121,"german","english",5,0.111542548627462,0
"1203",3,121,"german","english",5,-0.130500100884919,0
"1204",4,121,"german","english",5,-0.0880381961069661,0
"1205",5,121,"german","english",5,-0.0248674110095012,0
"1206",6,121,"german","english",5,-0.593406448863974,0
"1207",7,121,"german","english",5,0.946710298500617,0
"1208",8,121,"german","english",5,-0.212431867079587,0
"1209",9,121,"german","english",5,0.101705824787252,0
"1210",10,121,"german","english",5,1.26890672302715,0
"1211",1,122,"german","english",5,-0.196076465897663,0
"1212",2,122,"german","english",5,0.111542548627462,0
"1213",3,122,"german","english",5,-0.130500100884919,0
"1214",4,122,"german","english",5,-0.0880381961069661,0
"1215",5,122,"german","english",5,-0.0248674110095012,0
"1216",6,122,"german","english",5,-0.593406448863974,0
"1217",7,122,"german","english",5,0.946710298500617,0
"1218",8,122,"german","english",5,-0.212431867079587,0
"1219",9,122,"german","english",5,0.101705824787252,0
"1220",10,122,"german","english",5,1.26890672302715,0
"1221",1,123,"german","english",5,-0.196076465897663,0
"1222",2,123,"german","english",5,0.111542548627462,0
"1223",3,123,"german","english",5,-0.130500100884919,0
"1224",4,123,"german","english",5,-0.0880381961069661,0
"1225",5,123,"german","english",5,-0.0248674110095012,0
"1226",6,123,"german","english",5,-0.593406448863974,0
"1227",7,123,"german","english",5,0.946710298500617,0
"1228",8,123,"german","english",5,-0.212431867079587,0
"1229",9,123,"german","english",5,0.101705824787252,0
"1230",10,123,"german","english",5,1.26890672302715,0
"1231",1,124,"german","english",5,-0.196076465897663,0
"1232",2,124,"german","english",5,0.111542548627462,0
"1233",3,124,"german","english",5,-0.130500100884919,0
"1234",4,124,"german","english",5,-0.0880381961069661,0
"1235",5,124,"german","english",5,-0.0248674110095012,0
"1236",6,124,"german","english",5,-0.593406448863974,0
"1237",7,124,"german","english",5,0.946710298500617,0
"1238",8,124,"german","english",5,-0.212431867079587,0
"1239",9,124,"german","english",5,0.101705824787252,0
"1240",10,124,"german","english",5,1.26890672302715,0
"1241",1,125,"german","english",5,-0.196076465897663,0
"1242",2,125,"german","english",5,0.111542548627462,0
"1243",3,125,"german","english",5,-0.130500100884919,0
"1244",4,125,"german","english",5,-0.0880381961069661,0
"1245",5,125,"german","english",5,-0.0248674110095012,0
"1246",6,125,"german","english",5,-0.593406448863974,0
"1247",7,125,"german","english",5,0.946710298500617,0
"1248",8,125,"german","english",5,-0.212431867079587,0
"1249",9,125,"german","english",5,0.101705824787252,0
"1250",10,125,"german","english",5,1.26890672302715,0
"1251",1,126,"german","english",5,-0.196076465897663,0
"1252",2,126,"german","english",5,0.111542548627462,0
"1253",3,126,"german","english",5,-0.130500100884919,0
"1254",4,126,"german","english",5,-0.0880381961069661,0
"1255",5,126,"german","english",5,-0.0248674110095012,0
"1256",6,126,"german","english",5,-0.593406448863974,0
"1257",7,126,"german","english",5,0.946710298500617,0
"1258",8,126,"german","english",5,-0.212431867079587,0
"1259",9,126,"german","english",5,0.101705824787252,0
"1260",10,126,"german","english",5,1.26890672302715,0
"1261",1,127,"german","english",5,-0.196076465897663,0
"1262",2,127,"german","english",5,0.111542548627462,0
"1263",3,127,"german","english",5,-0.130500100884919,0
"1264",4,127,"german","english",5,-0.0880381961069661,0
"1265",5,127,"german","english",5,-0.0248674110095012,0
"1266",6,127,"german","english",5,-0.593406448863974,0
"1267",7,127,"german","english",5,0.946710298500617,0
"1268",8,127,"german","english",5,-0.212431867079587,0
"1269",9,127,"german","english",5,0.101705824787252,0
"1270",10,127,"german","english",5,1.26890672302715,0
"1271",1,128,"german","english",5,-0.196076465897663,0
"1272",2,128,"german","english",5,0.111542548627462,0
"1273",3,128,"german","english",5,-0.130500100884919,0
"1274",4,128,"german","english",5,-0.0880381961069661,0
"1275",5,128,"german","english",5,-0.0248674110095012,0
"1276",6,128,"german","english",5,-0.593406448863974,0
"1277",7,128,"german","english",5,0.946710298500617,0
"1278",8,128,"german","english",5,-0.212431867079587,0
"1279",9,128,"german","english",5,0.101705824787252,0
"1280",10,128,"german","english",5,1.26890672302715,0
"1281",1,129,"german","english",5,-0.196076465897663,0
"1282",2,129,"german","english",5,0.111542548627462,0
"1283",3,129,"german","english",5,-0.130500100884919,0
"1284",4,129,"german","english",5,-0.0880381961069661,0
"1285",5,129,"german","english",5,-0.0248674110095012,0
"1286",6,129,"german","english",5,-0.593406448863974,0
"1287",7,129,"german","english",5,0.946710298500617,0
"1288",8,129,"german","english",5,-0.212431867079587,0
"1289",9,129,"german","english",5,0.101705824787252,0
"1290",10,129,"german","english",5,1.26890672302715,0
"1291",1,130,"german","english",5,-0.196076465897663,0
"1292",2,130,"german","english",5,0.111542548627462,0
"1293",3,130,"german","english",5,-0.130500100884919,0
"1294",4,130,"german","english",5,-0.0880381961069661,0
"1295",5,130,"german","english",5,-0.0248674110095012,0
"1296",6,130,"german","english",5,-0.593406448863974,0
"1297",7,130,"german","english",5,0.946710298500617,0
"1298",8,130,"german","english",5,-0.212431867079587,0
"1299",9,130,"german","english",5,0.101705824787252,0
"1300",10,130,"german","english",5,1.26890672302715,0
"1301",1,131,"german","english",5,-0.196076465897663,0
"1302",2,131,"german","english",5,0.111542548627462,0
"1303",3,131,"german","english",5,-0.130500100884919,0
"1304",4,131,"german","english",5,-0.0880381961069661,0
"1305",5,131,"german","english",5,-0.0248674110095012,0
"1306",6,131,"german","english",5,-0.593406448863974,0
"1307",7,131,"german","english",5,0.946710298500617,0
"1308",8,131,"german","english",5,-0.212431867079587,0
"1309",9,131,"german","english",5,0.101705824787252,0
"1310",10,131,"german","english",5,1.26890672302715,0
"1311",1,132,"german","english",5,-0.196076465897663,0
"1312",2,132,"german","english",5,0.111542548627462,0
"1313",3,132,"german","english",5,-0.130500100884919,0
"1314",4,132,"german","english",5,-0.0880381961069661,0
"1315",5,132,"german","english",5,-0.0248674110095012,0
"1316",6,132,"german","english",5,-0.593406448863974,0
"1317",7,132,"german","english",5,0.946710298500617,0
"1318",8,132,"german","english",5,-0.212431867079587,0
"1319",9,132,"german","english",5,0.101705824787252,0
"1320",10,132,"german","english",5,1.26890672302715,0
"1321",1,133,"german","english",5,-0.196076465897663,0
"1322",2,133,"german","english",5,0.111542548627462,0
"1323",3,133,"german","english",5,-0.130500100884919,0
"1324",4,133,"german","english",5,-0.0880381961069661,0
"1325",5,133,"german","english",5,-0.0248674110095012,0
"1326",6,133,"german","english",5,-0.593406448863974,0
"1327",7,133,"german","english",5,0.946710298500617,0
"1328",8,133,"german","english",5,-0.212431867079587,0
"1329",9,133,"german","english",5,0.101705824787252,0
"1330",10,133,"german","english",5,1.26890672302715,0
"1331",1,134,"german","english",5,-0.196076465897663,0
"1332",2,134,"german","english",5,0.111542548627462,0
"1333",3,134,"german","english",5,-0.130500100884919,0
"1334",4,134,"german","english",5,-0.0880381961069661,0
"1335",5,134,"german","english",5,-0.0248674110095012,0
"1336",6,134,"german","english",5,-0.593406448863974,0
"1337",7,134,"german","english",5,0.946710298500617,0
"1338",8,134,"german","english",5,-0.212431867079587,0
"1339",9,134,"german","english",5,0.101705824787252,0
"1340",10,134,"german","english",5,1.26890672302715,0
"1341",1,135,"german","english",5,-0.196076465897663,0
"1342",2,135,"german","english",5,0.111542548627462,0
"1343",3,135,"german","english",5,-0.130500100884919,0
"1344",4,135,"german","english",5,-0.0880381961069661,0
"1345",5,135,"german","english",5,-0.0248674110095012,0
"1346",6,135,"german","english",5,-0.593406448863974,0
"1347",7,135,"german","english",5,0.946710298500617,0
"1348",8,135,"german","english",5,-0.212431867079587,0
"1349",9,135,"german","english",5,0.101705824787252,0
"1350",10,135,"german","english",5,1.26890672302715,0
"1351",1,136,"german","english",5,-0.196076465897663,0
"1352",2,136,"german","english",5,0.111542548627462,0
"1353",3,136,"german","english",5,-0.130500100884919,0
"1354",4,136,"german","english",5,-0.0880381961069661,0
"1355",5,136,"german","english",5,-0.0248674110095012,0
"1356",6,136,"german","english",5,-0.593406448863974,0
"1357",7,136,"german","english",5,0.946710298500617,0
"1358",8,136,"german","english",5,-0.212431867079587,0
"1359",9,136,"german","english",5,0.101705824787252,0
"1360",10,136,"german","english",5,1.26890672302715,0
"1361",1,137,"german","english",5,-0.196076465897663,0
"1362",2,137,"german","english",5,0.111542548627462,0
"1363",3,137,"german","english",5,-0.130500100884919,0
"1364",4,137,"german","english",5,-0.0880381961069661,0
"1365",5,137,"german","english",5,-0.0248674110095012,0
"1366",6,137,"german","english",5,-0.593406448863974,0
"1367",7,137,"german","english",5,0.946710298500617,0
"1368",8,137,"german","english",5,-0.212431867079587,0
"1369",9,137,"german","english",5,0.101705824787252,0
"1370",10,137,"german","english",5,1.26890672302715,0
"1371",1,138,"german","english",5,-0.196076465897663,0
"1372",2,138,"german","english",5,0.111542548627462,0
"1373",3,138,"german","english",5,-0.130500100884919,0
"1374",4,138,"german","english",5,-0.0880381961069661,0
"1375",5,138,"german","english",5,-0.0248674110095012,0
"1376",6,138,"german","english",5,-0.593406448863974,0
"1377",7,138,"german","english",5,0.946710298500617,0
"1378",8,138,"german","english",5,-0.212431867079587,0
"1379",9,138,"german","english",5,0.101705824787252,0
"1380",10,138,"german","english",5,1.26890672302715,0
"1381",1,139,"german","english",5,-0.196076465897663,0
"1382",2,139,"german","english",5,0.111542548627462,0
"1383",3,139,"german","english",5,-0.130500100884919,0
"1384",4,139,"german","english",5,-0.0880381961069661,0
"1385",5,139,"german","english",5,-0.0248674110095012,0
"1386",6,139,"german","english",5,-0.593406448863974,0
"1387",7,139,"german","english",5,0.946710298500617,0
"1388",8,139,"german","english",5,-0.212431867079587,0
"1389",9,139,"german","english",5,0.101705824787252,0
"1390",10,139,"german","english",5,1.26890672302715,0
"1391",1,140,"german","english",5,-0.196076465897663,0
"1392",2,140,"german","english",5,0.111542548627462,0
"1393",3,140,"german","english",5,-0.130500100884919,0
"1394",4,140,"german","english",5,-0.0880381961069661,0
"1395",5,140,"german","english",5,-0.0248674110095012,0
"1396",6,140,"german","english",5,-0.593406448863974,0
"1397",7,140,"german","english",5,0.946710298500617,0
"1398",8,140,"german","english",5,-0.212431867079587,0
"1399",9,140,"german","english",5,0.101705824787252,0
"1400",10,140,"german","english",5,1.26890672302715,0
"1401",1,141,"german","english",5,-0.196076465897663,0
"1402",2,141,"german","english",5,0.111542548627462,0
"1403",3,141,"german","english",5,-0.130500100884919,0
"1404",4,141,"german","english",5,-0.0880381961069661,0
"1405",5,141,"german","english",5,-0.0248674110095012,0
"1406",6,141,"german","english",5,-0.593406448863974,0
"1407",7,141,"german","english",5,0.946710298500617,0
"1408",8,141,"german","english",5,-0.212431867079587,0
"1409",9,141,"german","english",5,0.101705824787252,0
"1410",10,141,"german","english",5,1.26890672302715,0
"1411",1,142,"german","english",5,-0.196076465897663,0
"1412",2,142,"german","english",5,0.111542548627462,0
"1413",3,142,"german","english",5,-0.130500100884919,0
"1414",4,142,"german","english",5,-0.0880381961069661,0
"1415",5,142,"german","english",5,-0.0248674110095012,0
"1416",6,142,"german","english",5,-0.593406448863974,0
"1417",7,142,"german","english",5,0.946710298500617,0
"1418",8,142,"german","english",5,-0.212431867079587,0
"1419",9,142,"german","english",5,0.101705824787252,0
"1420",10,142,"german","english",5,1.26890672302715,0
"1421",1,143,"german","english",5,-0.196076465897663,0
"1422",2,143,"german","english",5,0.111542548627462,0
"1423",3,143,"german","english",5,-0.130500100884919,0
"1424",4,143,"german","english",5,-0.0880381961069661,0
"1425",5,143,"german","english",5,-0.0248674110095012,0
"1426",6,143,"german","english",5,-0.593406448863974,0
"1427",7,143,"german","english",5,0.946710298500617,0
"1428",8,143,"german","english",5,-0.212431867079587,0
"1429",9,143,"german","english",5,0.101705824787252,0
"1430",10,143,"german","english",5,1.26890672302715,0
"1431",1,144,"german","english",5,-0.196076465897663,0
"1432",2,144,"german","english",5,0.111542548627462,0
"1433",3,144,"german","english",5,-0.130500100884919,0
"1434",4,144,"german","english",5,-0.0880381961069661,0
"1435",5,144,"german","english",5,-0.0248674110095012,0
"1436",6,144,"german","english",5,-0.593406448863974,0
"1437",7,144,"german","english",5,0.946710298500617,0
"1438",8,144,"german","english",5,-0.212431867079587,0
"1439",9,144,"german","english",5,0.101705824787252,0
"1440",10,144,"german","english",5,1.26890672302715,0
"1441",1,145,"german","english",5,-0.196076465897663,0
"1442",2,145,"german","english",5,0.111542548627462,0
"1443",3,145,"german","english",5,-0.130500100884919,0
"1444",4,145,"german","english",5,-0.0880381961069661,0
"1445",5,145,"german","english",5,-0.0248674110095012,0
"1446",6,145,"german","english",5,-0.593406448863974,0
"1447",7,145,"german","english",5,0.946710298500617,0
"1448",8,145,"german","english",5,-0.212431867079587,0
"1449",9,145,"german","english",5,0.101705824787252,0
"1450",10,145,"german","english",5,1.26890672302715,0
"1451",1,146,"german","english",5,-0.196076465897663,0
"1452",2,146,"german","english",5,0.111542548627462,0
"1453",3,146,"german","english",5,-0.130500100884919,0
"1454",4,146,"german","english",5,-0.0880381961069661,0
"1455",5,146,"german","english",5,-0.0248674110095012,0
"1456",6,146,"german","english",5,-0.593406448863974,0
"1457",7,146,"german","english",5,0.946710298500617,0
"1458",8,146,"german","english",5,-0.212431867079587,0
"1459",9,146,"german","english",5,0.101705824787252,0
"1460",10,146,"german","english",5,1.26890672302715,0
"1461",1,147,"german","english",5,-0.196076465897663,0
"1462",2,147,"german","english",5,0.111542548627462,0
"1463",3,147,"german","english",5,-0.130500100884919,0
"1464",4,147,"german","english",5,-0.0880381961069661,0
"1465",5,147,"german","english",5,-0.0248674110095012,0
"1466",6,147,"german","english",5,-0.593406448863974,0
"1467",7,147,"german","english",5,0.946710298500617,0
"1468",8,147,"german","english",5,-0.212431867079587,0
"1469",9,147,"german","english",5,0.101705824787252,0
"1470",10,147,"german","english",5,1.26890672302715,0
"1471",1,148,"german","english",5,-0.196076465897663,0
"1472",2,148,"german","english",5,0.111542548627462,0
"1473",3,148,"german","english",5,-0.130500100884919,0
"1474",4,148,"german","english",5,-0.0880381961069661,0
"1475",5,148,"german","english",5,-0.0248674110095012,0
"1476",6,148,"german","english",5,-0.593406448863974,0
"1477",7,148,"german","english",5,0.946710298500617,0
"1478",8,148,"german","english",5,-0.212431867079587,0
"1479",9,148,"german","english",5,0.101705824787252,0
"1480",10,148,"german","english",5,1.26890672302715,0
"1481",1,149,"german","english",5,-0.196076465897663,0
"1482",2,149,"german","english",5,0.111542548627462,0
"1483",3,149,"german","english",5,-0.130500100884919,0
"1484",4,149,"german","english",5,-0.0880381961069661,0
"1485",5,149,"german","english",5,-0.0248674110095012,0
"1486",6,149,"german","english",5,-0.593406448863974,0
"1487",7,149,"german","english",5,0.946710298500617,0
"1488",8,149,"german","english",5,-0.212431867079587,0
"1489",9,149,"german","english",5,0.101705824787252,0
"1490",10,149,"german","english",5,1.26890672302715,0
"1491",1,150,"german","english",5,-0.196076465897663,0
"1492",2,150,"german","english",5,0.111542548627462,0
"1493",3,150,"german","english",5,-0.130500100884919,0
"1494",4,150,"german","english",5,-0.0880381961069661,0
"1495",5,150,"german","english",5,-0.0248674110095012,0
"1496",6,150,"german","english",5,-0.593406448863974,0
"1497",7,150,"german","english",5,0.946710298500617,0
"1498",8,150,"german","english",5,-0.212431867079587,0
"1499",9,150,"german","english",5,0.101705824787252,0
"1500",10,150,"german","english",5,1.26890672302715,0
